,Date,CAPE
0,"Dec 3, 2020",33.6
1,"Nov 1, 2020",31.33
2,"Oct 1, 2020",31.28
3,"Sep 1, 2020",30.84
4,"Aug 1, 2020",31.16
5,"Jul 1, 2020",29.6
6,"Jun 1, 2020",28.84
7,"May 1, 2020",27.33
8,"Apr 1, 2020",25.93
9,"Mar 1, 2020",24.82
10,"Feb 1, 2020",30.73
11,"Jan 1, 2020",30.99
12,"Dec 1, 2019",30.33
13,"Nov 1, 2019",29.84
14,"Oct 1, 2019",28.84
15,"Sep 1, 2019",29.23
16,"Aug 1, 2019",28.71
17,"Jul 1, 2019",29.99
18,"Jun 1, 2019",29.28
19,"May 1, 2019",29.24
20,"Apr 1, 2019",30.13
21,"Mar 1, 2019",29.58
22,"Feb 1, 2019",29.54
23,"Jan 1, 2019",28.38
24,"Dec 1, 2018",28.29
25,"Nov 1, 2018",30.2
26,"Oct 1, 2018",31.04
27,"Sep 1, 2018",32.62
28,"Aug 1, 2018",32.39
29,"Jul 1, 2018",31.89
30,"Jun 1, 2018",31.63
31,"May 1, 2018",31.24
32,"Apr 1, 2018",30.97
33,"Mar 1, 2018",31.81
34,"Feb 1, 2018",32.04
35,"Jan 1, 2018",33.31
36,"Dec 1, 2017",32.09
37,"Nov 1, 2017",31.3
38,"Oct 1, 2017",30.92
39,"Sep 1, 2017",30.17
40,"Aug 1, 2017",29.91
41,"Jul 1, 2017",30.0
42,"Jun 1, 2017",29.75
43,"May 1, 2017",29.31
44,"Apr 1, 2017",28.9
45,"Mar 1, 2017",29.09
46,"Feb 1, 2017",28.66
47,"Jan 1, 2017",28.06
48,"Dec 1, 2016",27.87
49,"Nov 1, 2016",26.85
50,"Oct 1, 2016",26.53
51,"Sep 1, 2016",26.73
52,"Aug 1, 2016",26.95
53,"Jul 1, 2016",26.69
54,"Jun 1, 2016",25.84
55,"May 1, 2016",25.69
56,"Apr 1, 2016",25.92
57,"Mar 1, 2016",25.37
58,"Feb 1, 2016",24.0
59,"Jan 1, 2016",24.21
60,"Dec 1, 2015",25.97
61,"Nov 1, 2015",26.23
62,"Oct 1, 2015",25.49
63,"Sep 1, 2015",24.5
64,"Aug 1, 2015",25.69
65,"Jul 1, 2015",26.38
66,"Jun 1, 2015",26.5
67,"May 1, 2015",26.81
68,"Apr 1, 2015",26.79
69,"Mar 1, 2015",26.73
70,"Feb 1, 2015",27.0
71,"Jan 1, 2015",26.49
72,"Dec 1, 2014",26.79
73,"Nov 1, 2014",26.61
74,"Oct 1, 2014",25.16
75,"Sep 1, 2014",25.92
76,"Aug 1, 2014",25.62
77,"Jul 1, 2014",25.82
78,"Jun 1, 2014",25.56
79,"May 1, 2014",24.94
80,"Apr 1, 2014",24.79
81,"Mar 1, 2014",24.96
82,"Feb 1, 2014",24.59
83,"Jan 1, 2014",24.86
84,"Dec 1, 2013",24.86
85,"Nov 1, 2013",24.64
86,"Oct 1, 2013",23.83
87,"Sep 1, 2013",23.44
88,"Aug 1, 2013",23.36
89,"Jul 1, 2013",23.49
90,"Jun 1, 2013",22.93
91,"May 1, 2013",23.41
92,"Apr 1, 2013",22.6
93,"Mar 1, 2013",22.42
94,"Feb 1, 2013",22.05
95,"Jan 1, 2013",21.9
96,"Dec 1, 2012",21.24
97,"Nov 1, 2012",20.9
98,"Oct 1, 2012",21.58
99,"Sep 1, 2012",21.78
100,"Aug 1, 2012",21.41
101,"Jul 1, 2012",21.0
102,"Jun 1, 2012",20.55
103,"May 1, 2012",20.94
104,"Apr 1, 2012",21.78
105,"Mar 1, 2012",22.05
106,"Feb 1, 2012",21.8
107,"Jan 1, 2012",21.21
108,"Dec 1, 2011",20.52
109,"Nov 1, 2011",20.35
110,"Oct 1, 2011",20.16
111,"Sep 1, 2011",19.7
112,"Aug 1, 2011",20.05
113,"Jul 1, 2011",22.61
114,"Jun 1, 2011",22.1
115,"May 1, 2011",23.06
116,"Apr 1, 2011",23.14
117,"Mar 1, 2011",22.9
118,"Feb 1, 2011",23.49
119,"Jan 1, 2011",22.98
120,"Dec 1, 2010",22.4
121,"Nov 1, 2010",21.7
122,"Oct 1, 2010",21.24
123,"Sep 1, 2010",20.38
124,"Aug 1, 2010",19.77
125,"Jul 1, 2010",19.67
126,"Jun 1, 2010",19.74
127,"May 1, 2010",20.48
128,"Apr 1, 2010",21.8
129,"Mar 1, 2010",21.0
130,"Feb 1, 2010",19.92
131,"Jan 1, 2010",20.53
132,"Dec 1, 2009",20.32
133,"Nov 1, 2009",19.81
134,"Oct 1, 2009",19.36
135,"Sep 1, 2009",18.83
136,"Aug 1, 2009",18.09
137,"Jul 1, 2009",16.69
138,"Jun 1, 2009",16.38
139,"May 1, 2009",16.0
140,"Apr 1, 2009",14.98
141,"Mar 1, 2009",13.32
142,"Feb 1, 2009",14.12
143,"Jan 1, 2009",15.17
144,"Dec 1, 2008",15.38
145,"Nov 1, 2008",15.26
146,"Oct 1, 2008",16.39
147,"Sep 1, 2008",20.36
148,"Aug 1, 2008",21.4
149,"Jul 1, 2008",20.91
150,"Jun 1, 2008",22.42
151,"May 1, 2008",23.7
152,"Apr 1, 2008",23.36
153,"Mar 1, 2008",22.61
154,"Feb 1, 2008",23.5
155,"Jan 1, 2008",24.02
156,"Dec 1, 2007",25.96
157,"Nov 1, 2007",25.73
158,"Oct 1, 2007",27.32
159,"Sep 1, 2007",26.73
160,"Aug 1, 2007",26.15
161,"Jul 1, 2007",27.41
162,"Jun 1, 2007",27.42
163,"May 1, 2007",27.55
164,"Apr 1, 2007",26.98
165,"Mar 1, 2007",26.23
166,"Feb 1, 2007",27.32
167,"Jan 1, 2007",27.21
168,"Dec 1, 2006",27.28
169,"Nov 1, 2006",26.93
170,"Oct 1, 2006",26.54
171,"Sep 1, 2006",25.64
172,"Aug 1, 2006",25.05
173,"Jul 1, 2006",24.7
174,"Jun 1, 2006",24.75
175,"May 1, 2006",25.65
176,"Apr 1, 2006",26.15
177,"Mar 1, 2006",26.33
178,"Feb 1, 2006",26.25
179,"Jan 1, 2006",26.47
180,"Dec 1, 2005",26.44
181,"Nov 1, 2005",25.93
182,"Oct 1, 2005",24.88
183,"Sep 1, 2005",25.73
184,"Aug 1, 2005",26.1
185,"Jul 1, 2005",26.29
186,"Jun 1, 2005",26.07
187,"May 1, 2005",25.65
188,"Apr 1, 2005",25.41
189,"Mar 1, 2005",26.34
190,"Feb 1, 2005",26.74
191,"Jan 1, 2005",26.59
192,"Dec 1, 2004",27.14
193,"Nov 1, 2004",26.47
194,"Oct 1, 2004",25.41
195,"Sep 1, 2004",25.67
196,"Aug 1, 2004",25.17
197,"Jul 1, 2004",25.7
198,"Jun 1, 2004",26.4
199,"May 1, 2004",25.9
200,"Apr 1, 2004",26.9
201,"Mar 1, 2004",26.89
202,"Feb 1, 2004",27.65
203,"Jan 1, 2004",27.66
204,"Dec 1, 2003",26.64
205,"Nov 1, 2003",25.95
206,"Oct 1, 2003",25.68
207,"Sep 1, 2003",25.24
208,"Aug 1, 2003",24.64
209,"Jul 1, 2003",24.87
210,"Jun 1, 2003",24.83
211,"May 1, 2003",23.59
212,"Apr 1, 2003",22.43
213,"Mar 1, 2003",21.31
214,"Feb 1, 2003",21.21
215,"Jan 1, 2003",22.9
216,"Dec 1, 2002",23.1
217,"Nov 1, 2002",23.35
218,"Oct 1, 2002",21.96
219,"Sep 1, 2002",22.36
220,"Aug 1, 2002",23.59
221,"Jul 1, 2002",23.46
222,"Jun 1, 2002",26.39
223,"May 1, 2002",28.13
224,"Apr 1, 2002",29.01
225,"Mar 1, 2002",30.29
226,"Feb 1, 2002",29.09
227,"Jan 1, 2002",30.28
228,"Dec 1, 2001",30.5
229,"Nov 1, 2001",30.01
230,"Oct 1, 2001",28.58
231,"Sep 1, 2001",27.67
232,"Aug 1, 2001",31.4
233,"Jul 1, 2001",32.16
234,"Jun 1, 2001",33.07
235,"May 1, 2001",34.07
236,"Apr 1, 2001",32.17
237,"Mar 1, 2001",32.32
238,"Feb 1, 2001",35.83
239,"Jan 1, 2001",36.98
240,"Dec 1, 2000",37.27
241,"Nov 1, 2000",38.78
242,"Oct 1, 2000",39.37
243,"Sep 1, 2000",41.89
244,"Aug 1, 2000",42.87
245,"Jul 1, 2000",42.75
246,"Jun 1, 2000",42.78
247,"May 1, 2000",41.96
248,"Apr 1, 2000",43.53
249,"Mar 1, 2000",43.22
250,"Feb 1, 2000",42.18
251,"Jan 1, 2000",43.77
252,"Dec 1, 1999",44.19
253,"Nov 1, 1999",43.21
254,"Oct 1, 1999",40.55
255,"Sep 1, 1999",41.32
256,"Aug 1, 1999",41.93
257,"Jul 1, 1999",43.83
258,"Jun 1, 1999",42.18
259,"May 1, 1999",42.55
260,"Apr 1, 1999",42.7
261,"Mar 1, 1999",41.35
262,"Feb 1, 1999",40.4
263,"Jan 1, 1999",40.57
264,"Dec 1, 1998",38.82
265,"Nov 1, 1998",37.37
266,"Oct 1, 1998",33.77
267,"Sep 1, 1998",33.53
268,"Aug 1, 1998",35.42
269,"Jul 1, 1998",38.26
270,"Jun 1, 1998",36.8
271,"May 1, 1998",36.95
272,"Apr 1, 1998",37.27
273,"Mar 1, 1998",36.29
274,"Feb 1, 1998",34.71
275,"Jan 1, 1998",32.86
276,"Dec 1, 1997",33.03
277,"Nov 1, 1997",32.33
278,"Oct 1, 1997",32.9
279,"Sep 1, 1997",32.66
280,"Aug 1, 1997",32.58
281,"Jul 1, 1997",32.76
282,"Jun 1, 1997",31.25
283,"May 1, 1997",29.93
284,"Apr 1, 1997",27.58
285,"Mar 1, 1997",28.8
286,"Feb 1, 1997",29.26
287,"Jan 1, 1997",28.33
288,"Dec 1, 1996",27.72
289,"Nov 1, 1996",27.58
290,"Oct 1, 1996",26.48
291,"Sep 1, 1996",25.68
292,"Aug 1, 1996",25.41
293,"Jul 1, 1996",24.86
294,"Jun 1, 1996",25.96
295,"May 1, 1996",25.81
296,"Apr 1, 1996",25.42
297,"Mar 1, 1996",25.63
298,"Feb 1, 1996",25.97
299,"Jan 1, 1996",24.76
300,"Dec 1, 1995",25.03
301,"Nov 1, 1995",24.35
302,"Oct 1, 1995",23.93
303,"Sep 1, 1995",23.94
304,"Aug 1, 1995",23.28
305,"Jul 1, 1995",23.37
306,"Jun 1, 1995",22.72
307,"May 1, 1995",22.19
308,"Apr 1, 1995",21.64
309,"Mar 1, 1995",21.15
310,"Feb 1, 1995",20.8
311,"Jan 1, 1995",20.22
312,"Dec 1, 1994",19.91
313,"Nov 1, 1994",20.21
314,"Oct 1, 1994",20.39
315,"Sep 1, 1994",20.57
316,"Aug 1, 1994",20.53
317,"Jul 1, 1994",20.07
318,"Jun 1, 1994",20.29
319,"May 1, 1994",20.19
320,"Apr 1, 1994",20.05
321,"Mar 1, 1994",20.83
322,"Feb 1, 1994",21.26
323,"Jan 1, 1994",21.41
324,"Dec 1, 1993",21.16
325,"Nov 1, 1993",21.04
326,"Oct 1, 1993",21.11
327,"Sep 1, 1993",20.99
328,"Aug 1, 1993",20.81
329,"Jul 1, 1993",20.56
330,"Jun 1, 1993",20.61
331,"May 1, 1993",20.52
332,"Apr 1, 1993",20.46
333,"Mar 1, 1993",20.85
334,"Feb 1, 1993",20.54
335,"Jan 1, 1993",20.32
336,"Dec 1, 1992",20.45
337,"Nov 1, 1992",19.83
338,"Oct 1, 1992",19.37
339,"Sep 1, 1992",19.71
340,"Aug 1, 1992",19.72
341,"Jul 1, 1992",19.62
342,"Jun 1, 1992",19.31
343,"May 1, 1992",19.66
344,"Apr 1, 1992",19.3
345,"Mar 1, 1992",19.28
346,"Feb 1, 1992",19.58
347,"Jan 1, 1992",19.77
348,"Dec 1, 1991",18.44
349,"Nov 1, 1991",18.29
350,"Oct 1, 1991",18.35
351,"Sep 1, 1991",18.36
352,"Aug 1, 1991",18.51
353,"Jul 1, 1991",18.1
354,"Jun 1, 1991",18.01
355,"May 1, 1991",18.03
356,"Apr 1, 1991",18.16
357,"Mar 1, 1991",17.82
358,"Feb 1, 1991",17.36
359,"Jan 1, 1991",15.61
360,"Dec 1, 1990",15.85
361,"Nov 1, 1990",15.19
362,"Oct 1, 1990",14.82
363,"Sep 1, 1990",15.3
364,"Aug 1, 1990",16.17
365,"Jul 1, 1990",17.75
366,"Jun 1, 1990",17.82
367,"May 1, 1990",17.39
368,"Apr 1, 1990",16.81
369,"Mar 1, 1990",16.83
370,"Feb 1, 1990",16.51
371,"Jan 1, 1990",17.05
372,"Dec 1, 1989",17.65
373,"Nov 1, 1989",17.24
374,"Oct 1, 1989",17.64
375,"Sep 1, 1989",17.71
376,"Aug 1, 1989",17.73
377,"Jul 1, 1989",17.01
378,"Jun 1, 1989",16.64
379,"May 1, 1989",16.19
380,"Apr 1, 1989",15.69
381,"Mar 1, 1989",15.3
382,"Feb 1, 1989",15.47
383,"Jan 1, 1989",15.09
384,"Dec 1, 1988",14.7
385,"Nov 1, 1988",14.45
386,"Oct 1, 1988",14.81
387,"Sep 1, 1988",14.37
388,"Aug 1, 1988",14.24
389,"Jul 1, 1988",14.61
390,"Jun 1, 1988",14.77
391,"May 1, 1988",14.03
392,"Apr 1, 1988",14.43
393,"Mar 1, 1988",14.67
394,"Feb 1, 1988",14.3
395,"Jan 1, 1988",13.9
396,"Dec 1, 1987",13.39
397,"Nov 1, 1987",13.59
398,"Oct 1, 1987",15.53
399,"Sep 1, 1987",17.68
400,"Aug 1, 1987",18.33
401,"Jul 1, 1987",17.31
402,"Jun 1, 1987",16.83
403,"May 1, 1987",16.16
404,"Apr 1, 1987",16.2
405,"Mar 1, 1987",16.43
406,"Feb 1, 1987",15.82
407,"Jan 1, 1987",14.92
408,"Dec 1, 1986",14.09
409,"Nov 1, 1986",13.87
410,"Oct 1, 1986",13.43
411,"Sep 1, 1986",13.47
412,"Aug 1, 1986",13.89
413,"Jul 1, 1986",13.62
414,"Jun 1, 1986",13.89
415,"May 1, 1986",13.56
416,"Apr 1, 1986",13.55
417,"Mar 1, 1986",13.19
418,"Feb 1, 1986",12.39
419,"Jan 1, 1986",11.72
420,"Dec 1, 1985",11.69
421,"Nov 1, 1985",11.16
422,"Oct 1, 1985",10.55
423,"Sep 1, 1985",10.47
424,"Aug 1, 1985",10.74
425,"Jul 1, 1985",11.0
426,"Jun 1, 1985",10.81
427,"May 1, 1985",10.61
428,"Apr 1, 1985",10.4
429,"Mar 1, 1985",10.37
430,"Feb 1, 1985",10.49
431,"Jan 1, 1985",10.0
432,"Dec 1, 1984",9.6
433,"Nov 1, 1984",9.69
434,"Oct 1, 1984",9.6
435,"Sep 1, 1984",9.69
436,"Aug 1, 1984",9.62
437,"Jul 1, 1984",8.87
438,"Jun 1, 1984",9.01
439,"May 1, 1984",9.23
440,"Apr 1, 1984",9.31
441,"Mar 1, 1984",9.33
442,"Feb 1, 1984",9.32
443,"Jan 1, 1984",9.89
444,"Dec 1, 1983",9.82
445,"Nov 1, 1983",9.85
446,"Oct 1, 1983",10.0
447,"Sep 1, 1983",9.98
448,"Aug 1, 1983",9.73
449,"Jul 1, 1983",10.01
450,"Jun 1, 1983",10.0
451,"May 1, 1983",9.87
452,"Apr 1, 1983",9.53
453,"Mar 1, 1983",9.23
454,"Feb 1, 1983",8.91
455,"Jan 1, 1983",8.76
456,"Dec 1, 1982",8.47
457,"Nov 1, 1982",8.35
458,"Oct 1, 1982",8.0
459,"Sep 1, 1982",7.4
460,"Aug 1, 1982",6.64
461,"Jul 1, 1982",6.64
462,"Jun 1, 1982",6.69
463,"May 1, 1982",7.19
464,"Apr 1, 1982",7.26
465,"Mar 1, 1982",6.95
466,"Feb 1, 1982",7.18
467,"Jan 1, 1982",7.39
468,"Dec 1, 1981",7.83
469,"Nov 1, 1981",7.81
470,"Oct 1, 1981",7.65
471,"Sep 1, 1981",7.58
472,"Aug 1, 1981",8.4
473,"Jul 1, 1981",8.45
474,"Jun 1, 1981",8.77
475,"May 1, 1981",8.82
476,"Apr 1, 1981",9.09
477,"Mar 1, 1981",9.08
478,"Feb 1, 1981",8.83
479,"Jan 1, 1981",9.26
480,"Dec 1, 1980",9.39
481,"Nov 1, 1980",9.65
482,"Oct 1, 1980",9.36
483,"Sep 1, 1980",9.2
484,"Aug 1, 1980",9.07
485,"Jul 1, 1980",8.88
486,"Jun 1, 1980",8.51
487,"May 1, 1980",8.1
488,"Apr 1, 1980",7.84
489,"Mar 1, 1980",8.08
490,"Feb 1, 1980",9.05
491,"Jan 1, 1980",8.85
492,"Dec 1, 1979",8.75
493,"Nov 1, 1979",8.52
494,"Oct 1, 1979",8.68
495,"Sep 1, 1979",9.11
496,"Aug 1, 1979",9.13
497,"Jul 1, 1979",8.83
498,"Jun 1, 1979",8.85
499,"May 1, 1979",8.79
500,"Apr 1, 1979",9.13
501,"Mar 1, 1979",9.07
502,"Feb 1, 1979",9.0
503,"Jan 1, 1979",9.26
504,"Dec 1, 1978",9.01
505,"Nov 1, 1978",8.93
506,"Oct 1, 1978",9.53
507,"Sep 1, 1978",9.94
508,"Aug 1, 1978",10.02
509,"Jul 1, 1978",9.43
510,"Jun 1, 1978",9.55
511,"May 1, 1978",9.63
512,"Apr 1, 1978",9.26
513,"Mar 1, 1978",8.95
514,"Feb 1, 1978",9.05
515,"Jan 1, 1978",9.24
516,"Dec 1, 1977",9.68
517,"Nov 1, 1977",9.77
518,"Oct 1, 1977",9.77
519,"Sep 1, 1977",10.07
520,"Aug 1, 1977",10.27
521,"Jul 1, 1977",10.57
522,"Jun 1, 1977",10.53
523,"May 1, 1977",10.55
524,"Apr 1, 1977",10.64
525,"Mar 1, 1977",10.9
526,"Feb 1, 1977",11.01
527,"Jan 1, 1977",11.44
528,"Dec 1, 1976",11.6
529,"Nov 1, 1976",11.25
530,"Oct 1, 1976",11.35
531,"Sep 1, 1976",11.81
532,"Aug 1, 1976",11.6
533,"Jul 1, 1976",11.76
534,"Jun 1, 1976",11.54
535,"May 1, 1976",11.53
536,"Apr 1, 1976",11.69
537,"Mar 1, 1976",11.63
538,"Feb 1, 1976",11.59
539,"Jan 1, 1976",11.19
540,"Dec 1, 1975",10.25
541,"Nov 1, 1975",10.44
542,"Oct 1, 1975",10.33
543,"Sep 1, 1975",9.92
544,"Aug 1, 1975",10.09
545,"Jul 1, 1975",10.9
546,"Jun 1, 1975",11.01
547,"May 1, 1975",10.82
548,"Apr 1, 1975",10.23
549,"Mar 1, 1975",10.16
550,"Feb 1, 1975",9.76
551,"Jan 1, 1975",8.92
552,"Dec 1, 1974",8.29
553,"Nov 1, 1974",8.95
554,"Oct 1, 1974",8.74
555,"Sep 1, 1974",8.68
556,"Aug 1, 1974",9.82
557,"Jul 1, 1974",10.39
558,"Jun 1, 1974",11.89
559,"May 1, 1974",12.0
560,"Apr 1, 1974",12.55
561,"Mar 1, 1974",13.31
562,"Feb 1, 1974",12.96
563,"Jan 1, 1974",13.53
564,"Dec 1, 1973",13.49
565,"Nov 1, 1973",14.65
566,"Oct 1, 1973",15.91
567,"Sep 1, 1973",15.48
568,"Aug 1, 1973",15.28
569,"Jul 1, 1973",15.89
570,"Jun 1, 1973",15.81
571,"May 1, 1973",16.31
572,"Apr 1, 1973",16.94
573,"Mar 1, 1973",17.41
574,"Feb 1, 1973",17.89
575,"Jan 1, 1973",18.71
576,"Dec 1, 1972",18.65
577,"Nov 1, 1972",18.34
578,"Oct 1, 1972",17.53
579,"Sep 1, 1972",17.61
580,"Aug 1, 1972",17.94
581,"Jul 1, 1972",17.4
582,"Jun 1, 1972",17.64
583,"May 1, 1972",17.66
584,"Apr 1, 1972",17.92
585,"Mar 1, 1972",17.81
586,"Feb 1, 1972",17.46
587,"Jan 1, 1972",17.26
588,"Dec 1, 1971",16.6
589,"Nov 1, 1971",15.64
590,"Oct 1, 1971",16.43
591,"Sep 1, 1971",16.86
592,"Aug 1, 1971",16.52
593,"Jul 1, 1971",16.89
594,"Jun 1, 1971",17.08
595,"May 1, 1971",17.56
596,"Apr 1, 1971",17.92
597,"Mar 1, 1971",17.4
598,"Feb 1, 1971",17.03
599,"Jan 1, 1971",16.46
600,"Dec 1, 1970",15.87
601,"Nov 1, 1970",14.95
602,"Oct 1, 1970",15.06
603,"Sep 1, 1970",14.84
604,"Aug 1, 1970",14.1
605,"Jul 1, 1970",13.73
606,"Jun 1, 1970",13.8
607,"May 1, 1970",13.98
608,"Apr 1, 1970",15.87
609,"Mar 1, 1970",16.53
610,"Feb 1, 1970",16.37
611,"Jan 1, 1970",17.09
612,"Dec 1, 1969",17.33
613,"Nov 1, 1969",18.44
614,"Oct 1, 1969",18.45
615,"Sep 1, 1969",18.4
616,"Aug 1, 1969",18.43
617,"Jul 1, 1969",18.68
618,"Jun 1, 1969",19.71
619,"May 1, 1969",20.97
620,"Apr 1, 1969",20.43
621,"Mar 1, 1969",20.2
622,"Feb 1, 1969",20.9
623,"Jan 1, 1969",21.19
624,"Dec 1, 1968",22.28
625,"Nov 1, 1968",22.2
626,"Oct 1, 1968",22.0
627,"Sep 1, 1968",21.68
628,"Aug 1, 1968",21.14
629,"Jul 1, 1968",21.75
630,"Jun 1, 1968",22.0
631,"May 1, 1968",21.63
632,"Apr 1, 1968",21.28
633,"Mar 1, 1968",19.93
634,"Feb 1, 1968",20.42
635,"Jan 1, 1968",21.51
636,"Dec 1, 1967",21.75
637,"Nov 1, 1967",21.26
638,"Oct 1, 1967",22.07
639,"Sep 1, 1967",22.22
640,"Aug 1, 1967",22.03
641,"Jul 1, 1967",21.8
642,"Jun 1, 1967",21.55
643,"May 1, 1967",21.95
644,"Apr 1, 1967",21.69
645,"Mar 1, 1967",21.44
646,"Feb 1, 1967",21.07
647,"Jan 1, 1967",20.43
648,"Dec 1, 1966",19.74
649,"Nov 1, 1966",19.71
650,"Oct 1, 1966",18.83
651,"Sep 1, 1966",19.16
652,"Aug 1, 1966",19.91
653,"Jul 1, 1966",21.38
654,"Jun 1, 1966",21.56
655,"May 1, 1966",21.85
656,"Apr 1, 1966",23.11
657,"Mar 1, 1966",22.61
658,"Feb 1, 1966",23.7
659,"Jan 1, 1966",24.06
660,"Dec 1, 1965",23.69
661,"Nov 1, 1965",23.93
662,"Oct 1, 1965",23.78
663,"Sep 1, 1965",23.37
664,"Aug 1, 1965",22.67
665,"Jul 1, 1965",22.3
666,"Jun 1, 1965",22.39
667,"May 1, 1965",23.71
668,"Apr 1, 1965",23.42
669,"Mar 1, 1965",23.25
670,"Feb 1, 1965",23.37
671,"Jan 1, 1965",23.27
672,"Dec 1, 1964",22.75
673,"Nov 1, 1964",23.23
674,"Oct 1, 1964",23.21
675,"Sep 1, 1964",22.89
676,"Aug 1, 1964",22.65
677,"Jul 1, 1964",22.98
678,"Jun 1, 1964",22.3
679,"May 1, 1964",22.57
680,"Apr 1, 1964",22.42
681,"Mar 1, 1964",22.17
682,"Feb 1, 1964",21.83
683,"Jan 1, 1964",21.63
684,"Dec 1, 1963",21.04
685,"Nov 1, 1963",20.72
686,"Oct 1, 1963",20.89
687,"Sep 1, 1963",20.96
688,"Aug 1, 1963",20.47
689,"Jul 1, 1963",19.97
690,"Jun 1, 1963",20.38
691,"May 1, 1963",20.51
692,"Apr 1, 1963",20.15
693,"Mar 1, 1963",19.29
694,"Feb 1, 1963",19.47
695,"Jan 1, 1963",19.26
696,"Dec 1, 1962",18.59
697,"Nov 1, 1962",17.85
698,"Oct 1, 1962",16.74
699,"Sep 1, 1962",17.32
700,"Aug 1, 1962",17.57
701,"Jul 1, 1962",17.14
702,"Jun 1, 1962",16.83
703,"May 1, 1962",19.09
704,"Apr 1, 1962",20.66
705,"Mar 1, 1962",21.44
706,"Feb 1, 1962",21.45
707,"Jan 1, 1962",21.2
708,"Dec 1, 1961",22.04
709,"Nov 1, 1961",21.86
710,"Oct 1, 1961",20.92
711,"Sep 1, 1961",20.71
712,"Aug 1, 1961",20.94
713,"Jul 1, 1961",20.15
714,"Jun 1, 1961",20.33
715,"May 1, 1961",20.6
716,"Apr 1, 1961",20.38
717,"Mar 1, 1961",19.84
718,"Feb 1, 1961",19.23
719,"Jan 1, 1961",18.47
720,"Dec 1, 1960",17.56
721,"Nov 1, 1960",17.15
722,"Oct 1, 1960",16.61
723,"Sep 1, 1960",17.05
724,"Aug 1, 1960",17.58
725,"Jul 1, 1960",17.38
726,"Jun 1, 1960",17.82
727,"May 1, 1960",17.26
728,"Apr 1, 1960",17.43
729,"Mar 1, 1960",17.29
730,"Feb 1, 1960",17.55
731,"Jan 1, 1960",18.34
732,"Dec 1, 1959",18.62
733,"Nov 1, 1959",18.07
734,"Oct 1, 1959",18.02
735,"Sep 1, 1959",18.12
736,"Aug 1, 1959",18.96
737,"Jul 1, 1959",19.09
738,"Jun 1, 1959",18.45
739,"May 1, 1959",18.69
740,"Apr 1, 1959",18.43
741,"Mar 1, 1959",18.2
742,"Feb 1, 1959",17.76
743,"Jan 1, 1959",17.98
744,"Dec 1, 1958",17.36
745,"Nov 1, 1958",16.99
746,"Oct 1, 1958",16.56
747,"Sep 1, 1958",15.93
748,"Aug 1, 1958",15.54
749,"Jul 1, 1958",14.96
750,"Jun 1, 1958",14.64
751,"May 1, 1958",14.32
752,"Apr 1, 1958",13.91
753,"Mar 1, 1958",13.93
754,"Feb 1, 1958",13.78
755,"Jan 1, 1958",13.79
756,"Dec 1, 1957",13.67
757,"Nov 1, 1957",13.74
758,"Oct 1, 1957",14.15
759,"Sep 1, 1957",15.16
760,"Aug 1, 1957",15.87
761,"Jul 1, 1957",16.87
762,"Jun 1, 1957",16.73
763,"May 1, 1957",16.6
764,"Apr 1, 1957",16.12
765,"Mar 1, 1957",15.9
766,"Feb 1, 1957",15.84
767,"Jan 1, 1957",16.72
768,"Dec 1, 1956",17.2
769,"Nov 1, 1956",17.12
770,"Oct 1, 1956",17.42
771,"Sep 1, 1956",17.84
772,"Aug 1, 1956",18.67
773,"Jul 1, 1956",18.86
774,"Jun 1, 1956",18.16
775,"May 1, 1956",18.54
776,"Apr 1, 1956",19.37
777,"Mar 1, 1956",19.37
778,"Feb 1, 1956",18.27
779,"Jan 1, 1956",18.29
780,"Dec 1, 1955",18.94
781,"Nov 1, 1955",18.84
782,"Oct 1, 1955",17.77
783,"Sep 1, 1955",18.84
784,"Aug 1, 1955",18.22
785,"Jul 1, 1955",18.45
786,"Jun 1, 1955",17.37
787,"May 1, 1955",16.52
788,"Apr 1, 1955",16.69
789,"Mar 1, 1955",16.22
790,"Feb 1, 1955",16.44
791,"Jan 1, 1955",15.99
792,"Dec 1, 1954",15.79
793,"Nov 1, 1954",15.12
794,"Oct 1, 1954",14.62
795,"Sep 1, 1954",14.36
796,"Aug 1, 1954",14.04
797,"Jul 1, 1954",13.83
798,"Jun 1, 1954",13.36
799,"May 1, 1954",13.31
800,"Apr 1, 1954",12.91
801,"Mar 1, 1954",12.42
802,"Feb 1, 1954",12.22
803,"Jan 1, 1954",12.0
804,"Dec 1, 1953",11.75
805,"Nov 1, 1953",11.64
806,"Oct 1, 1953",11.39
807,"Sep 1, 1953",11.14
808,"Aug 1, 1953",11.72
809,"Jul 1, 1953",11.75
810,"Jun 1, 1953",11.62
811,"May 1, 1953",12.14
812,"Apr 1, 1953",12.16
813,"Mar 1, 1953",12.83
814,"Feb 1, 1953",12.86
815,"Jan 1, 1953",13.01
816,"Dec 1, 1952",12.93
817,"Nov 1, 1952",12.47
818,"Oct 1, 1952",12.13
819,"Sep 1, 1952",12.43
820,"Aug 1, 1952",12.68
821,"Jul 1, 1952",12.67
822,"Jun 1, 1952",12.45
823,"May 1, 1952",12.2
824,"Apr 1, 1952",12.24
825,"Mar 1, 1952",12.36
826,"Feb 1, 1952",12.36
827,"Jan 1, 1952",12.53
828,"Dec 1, 1951",12.15
829,"Nov 1, 1951",11.85
830,"Oct 1, 1951",12.31
831,"Sep 1, 1951",12.44
832,"Aug 1, 1951",12.26
833,"Jul 1, 1951",11.78
834,"Jun 1, 1951",11.62
835,"May 1, 1951",11.86
836,"Apr 1, 1951",11.95
837,"Mar 1, 1951",11.84
838,"Feb 1, 1951",12.14
839,"Jan 1, 1951",11.9
840,"Dec 1, 1950",11.31
841,"Nov 1, 1950",11.54
842,"Oct 1, 1950",11.66
843,"Sep 1, 1950",11.34
844,"Aug 1, 1950",11.04
845,"Jul 1, 1950",10.54
846,"Jun 1, 1950",11.55
847,"May 1, 1950",11.46
848,"Apr 1, 1950",11.18
849,"Mar 1, 1950",10.91
850,"Feb 1, 1950",10.91
851,"Jan 1, 1950",10.75
852,"Dec 1, 1949",10.53
853,"Nov 1, 1949",10.22
854,"Oct 1, 1949",10.17
855,"Sep 1, 1949",9.88
856,"Aug 1, 1949",9.85
857,"Jul 1, 1949",9.61
858,"Jun 1, 1949",9.07
859,"May 1, 1949",9.69
860,"Apr 1, 1949",9.78
861,"Mar 1, 1949",9.9
862,"Feb 1, 1949",9.87
863,"Jan 1, 1949",10.25
864,"Dec 1, 1948",10.16
865,"Nov 1, 1948",10.25
866,"Oct 1, 1948",10.83
867,"Sep 1, 1948",10.55
868,"Aug 1, 1948",10.72
869,"Jul 1, 1948",11.13
870,"Jun 1, 1948",11.58
871,"May 1, 1948",11.24
872,"Apr 1, 1948",10.78
873,"Mar 1, 1948",10.19
874,"Feb 1, 1948",10.0
875,"Jan 1, 1948",10.42
876,"Dec 1, 1947",10.68
877,"Nov 1, 1947",10.98
878,"Oct 1, 1947",11.13
879,"Sep 1, 1947",10.83
880,"Aug 1, 1947",11.34
881,"Jul 1, 1947",11.7
882,"Jun 1, 1947",11.08
883,"May 1, 1947",10.73
884,"Apr 1, 1947",10.9
885,"Mar 1, 1947",11.29
886,"Feb 1, 1947",11.95
887,"Jan 1, 1947",11.47
888,"Dec 1, 1946",11.37
889,"Nov 1, 1946",11.11
890,"Oct 1, 1946",11.39
891,"Sep 1, 1946",11.84
892,"Aug 1, 1946",13.98
893,"Jul 1, 1946",14.51
894,"Jun 1, 1946",15.77
895,"May 1, 1946",16.01
896,"Apr 1, 1946",16.04
897,"Mar 1, 1946",15.13
898,"Feb 1, 1946",15.76
899,"Jan 1, 1946",15.62
900,"Dec 1, 1945",15.02
901,"Nov 1, 1945",14.85
902,"Oct 1, 1945",14.37
903,"Sep 1, 1945",13.8
904,"Aug 1, 1945",12.92
905,"Jul 1, 1945",12.87
906,"Jun 1, 1945",13.13
907,"May 1, 1945",13.04
908,"Apr 1, 1945",12.63
909,"Mar 1, 1945",12.32
910,"Feb 1, 1945",12.34
911,"Jan 1, 1945",11.96
912,"Dec 1, 1944",11.64
913,"Nov 1, 1944",11.48
914,"Oct 1, 1944",11.58
915,"Sep 1, 1944",11.33
916,"Aug 1, 1944",11.54
917,"Jul 1, 1944",11.74
918,"Jun 1, 1944",11.53
919,"May 1, 1944",11.1
920,"Apr 1, 1944",10.94
921,"Mar 1, 1944",11.22
922,"Feb 1, 1944",10.95
923,"Jan 1, 1944",11.05
924,"Dec 1, 1943",10.74
925,"Nov 1, 1943",10.63
926,"Oct 1, 1943",11.19
927,"Sep 1, 1943",11.34
928,"Aug 1, 1943",11.21
929,"Jul 1, 1943",11.77
930,"Jun 1, 1943",11.52
931,"May 1, 1943",11.36
932,"Apr 1, 1943",11.04
933,"Mar 1, 1943",10.85
934,"Feb 1, 1943",10.71
935,"Jan 1, 1943",10.15
936,"Dec 1, 1942",9.62
937,"Nov 1, 1942",9.66
938,"Oct 1, 1942",9.6
939,"Sep 1, 1942",9.08
940,"Aug 1, 1942",9.01
941,"Jul 1, 1942",9.15
942,"Jun 1, 1942",8.91
943,"May 1, 1942",8.51
944,"Apr 1, 1942",8.54
945,"Mar 1, 1942",9.0
946,"Feb 1, 1942",9.68
947,"Jan 1, 1942",10.1
948,"Dec 1, 1941",10.09
949,"Nov 1, 1941",10.91
950,"Oct 1, 1941",11.58
951,"Sep 1, 1941",12.28
952,"Aug 1, 1941",12.46
953,"Jul 1, 1941",12.74
954,"Jun 1, 1941",12.16
955,"May 1, 1941",12.04
956,"Apr 1, 1941",12.43
957,"Mar 1, 1941",12.96
958,"Feb 1, 1941",13.0
959,"Jan 1, 1941",13.9
960,"Dec 1, 1940",13.91
961,"Nov 1, 1940",14.64
962,"Oct 1, 1940",14.33
963,"Sep 1, 1940",14.21
964,"Aug 1, 1940",13.65
965,"Jul 1, 1940",13.37
966,"Jun 1, 1940",12.84
967,"May 1, 1940",14.14
968,"Apr 1, 1940",16.37
969,"Mar 1, 1940",16.17
970,"Feb 1, 1940",16.22
971,"Jan 1, 1940",16.38
972,"Dec 1, 1939",16.28
973,"Nov 1, 1939",16.6
974,"Oct 1, 1939",16.82
975,"Sep 1, 1939",16.45
976,"Aug 1, 1939",15.12
977,"Jul 1, 1939",15.27
978,"Jun 1, 1939",14.83
979,"May 1, 1939",14.5
980,"Apr 1, 1939",13.92
981,"Mar 1, 1939",15.73
982,"Feb 1, 1939",15.66
983,"Jan 1, 1939",15.6
984,"Dec 1, 1938",15.76
985,"Nov 1, 1938",16.15
986,"Oct 1, 1938",16.06
987,"Sep 1, 1938",14.28
988,"Aug 1, 1938",14.9
989,"Jul 1, 1938",14.77
990,"Jun 1, 1938",12.29
991,"May 1, 1938",11.99
992,"Apr 1, 1938",11.79
993,"Mar 1, 1938",12.38
994,"Feb 1, 1938",13.26
995,"Jan 1, 1938",13.51
996,"Dec 1, 1937",13.01
997,"Nov 1, 1937",13.16
998,"Oct 1, 1937",14.36
999,"Sep 1, 1937",16.85
1000,"Aug 1, 1937",19.81
1001,"Jul 1, 1937",19.65
1002,"Jun 1, 1937",18.71
1003,"May 1, 1937",19.47
1004,"Apr 1, 1937",20.56
1005,"Mar 1, 1937",22.04
1006,"Feb 1, 1937",22.24
1007,"Jan 1, 1937",21.62
1008,"Dec 1, 1936",21.13
1009,"Nov 1, 1936",21.5
1010,"Oct 1, 1936",20.91
1011,"Sep 1, 1936",19.86
1012,"Aug 1, 1936",19.62
1013,"Jul 1, 1936",19.36
1014,"Jun 1, 1936",18.39
1015,"May 1, 1936",17.75
1016,"Apr 1, 1936",18.72
1017,"Mar 1, 1936",18.66
1018,"Feb 1, 1936",18.1
1019,"Jan 1, 1936",17.09
1020,"Dec 1, 1935",16.16
1021,"Nov 1, 1935",16.13
1022,"Oct 1, 1935",14.83
1023,"Sep 1, 1935",14.42
1024,"Aug 1, 1935",14.11
1025,"Jul 1, 1935",13.2
1026,"Jun 1, 1935",12.54
1027,"May 1, 1935",11.99
1028,"Apr 1, 1935",11.1
1029,"Mar 1, 1935",10.4
1030,"Feb 1, 1935",11.09
1031,"Jan 1, 1935",11.5
1032,"Dec 1, 1934",11.64
1033,"Nov 1, 1934",11.45
1034,"Oct 1, 1934",11.11
1035,"Sep 1, 1934",10.91
1036,"Aug 1, 1934",11.32
1037,"Jul 1, 1934",11.74
1038,"Jun 1, 1934",12.29
1039,"May 1, 1934",12.18
1040,"Apr 1, 1934",13.52
1041,"Mar 1, 1934",13.25
1042,"Feb 1, 1934",13.93
1043,"Jan 1, 1934",13.03
1044,"Dec 1, 1933",12.28
1045,"Nov 1, 1933",12.01
1046,"Oct 1, 1933",11.7
1047,"Sep 1, 1933",12.92
1048,"Aug 1, 1933",13.0
1049,"Jul 1, 1933",13.75
1050,"Jun 1, 1933",13.1
1051,"May 1, 1933",11.25
1052,"Apr 1, 1933",8.72
1053,"Mar 1, 1933",7.87
1054,"Feb 1, 1933",7.83
1055,"Jan 1, 1933",8.73
1056,"Dec 1, 1932",8.26
1057,"Nov 1, 1932",8.46
1058,"Oct 1, 1932",8.48
1059,"Sep 1, 1932",9.76
1060,"Aug 1, 1932",8.83
1061,"Jul 1, 1932",5.84
1062,"Jun 1, 1932",5.57
1063,"May 1, 1932",6.39
1064,"Apr 1, 1932",7.19
1065,"Mar 1, 1932",9.41
1066,"Feb 1, 1932",9.34
1067,"Jan 1, 1932",9.31
1068,"Dec 1, 1931",9.31
1069,"Nov 1, 1931",11.42
1070,"Oct 1, 1931",11.15
1071,"Sep 1, 1931",12.82
1072,"Aug 1, 1931",15.01
1073,"Jul 1, 1931",15.52
1074,"Jun 1, 1931",15.06
1075,"May 1, 1931",15.4
1076,"Apr 1, 1931",16.87
1077,"Mar 1, 1931",18.58
1078,"Feb 1, 1931",18.16
1079,"Jan 1, 1931",16.71
1080,"Dec 1, 1930",16.06
1081,"Nov 1, 1930",16.94
1082,"Oct 1, 1930",18.21
1083,"Sep 1, 1930",21.07
1084,"Aug 1, 1930",21.3
1085,"Jul 1, 1930",21.55
1086,"Jun 1, 1930",21.87
1087,"May 1, 1930",24.31
1088,"Apr 1, 1930",25.84
1089,"Mar 1, 1930",24.59
1090,"Feb 1, 1930",23.7
1091,"Jan 1, 1930",22.31
1092,"Dec 1, 1929",22.01
1093,"Nov 1, 1929",21.17
1094,"Oct 1, 1929",28.96
1095,"Sep 1, 1929",32.56
1096,"Aug 1, 1929",31.48
1097,"Jul 1, 1929",29.93
1098,"Jun 1, 1929",27.94
1099,"May 1, 1929",27.7
1100,"Apr 1, 1929",27.57
1101,"Mar 1, 1929",27.68
1102,"Feb 1, 1929",27.13
1103,"Jan 1, 1929",27.08
1104,"Dec 1, 1928",25.3
1105,"Nov 1, 1928",25.12
1106,"Oct 1, 1928",23.58
1107,"Sep 1, 1928",23.0
1108,"Aug 1, 1928",21.76
1109,"Jul 1, 1928",21.08
1110,"Jun 1, 1928",20.91
1111,"May 1, 1928",21.83
1112,"Apr 1, 1928",21.26
1113,"Mar 1, 1928",19.94
1114,"Feb 1, 1928",18.87
1115,"Jan 1, 1928",18.81
1116,"Dec 1, 1927",18.65
1117,"Nov 1, 1927",18.13
1118,"Oct 1, 1927",17.54
1119,"Sep 1, 1927",17.82
1120,"Aug 1, 1927",16.86
1121,"Jul 1, 1927",15.82
1122,"Jun 1, 1927",15.12
1123,"May 1, 1927",15.0
1124,"Apr 1, 1927",14.49
1125,"Mar 1, 1927",14.03
1126,"Feb 1, 1927",13.63
1127,"Jan 1, 1927",13.19
1128,"Dec 1, 1926",13.01
1129,"Nov 1, 1926",12.62
1130,"Oct 1, 1926",12.43
1131,"Sep 1, 1926",12.69
1132,"Aug 1, 1926",12.49
1133,"Jul 1, 1926",11.87
1134,"Jun 1, 1926",11.2
1135,"May 1, 1926",10.58
1136,"Apr 1, 1926",10.4
1137,"Mar 1, 1926",10.71
1138,"Feb 1, 1926",11.39
1139,"Jan 1, 1926",11.34
1140,"Dec 1, 1925",11.15
1141,"Nov 1, 1925",10.89
1142,"Oct 1, 1925",10.72
1143,"Sep 1, 1925",10.36
1144,"Aug 1, 1925",10.11
1145,"Jul 1, 1925",9.96
1146,"Jun 1, 1925",9.8
1147,"May 1, 1925",9.73
1148,"Apr 1, 1925",9.48
1149,"Mar 1, 1925",9.52
1150,"Feb 1, 1925",9.83
1151,"Jan 1, 1925",9.69
1152,"Dec 1, 1924",9.31
1153,"Nov 1, 1924",8.89
1154,"Oct 1, 1924",8.42
1155,"Sep 1, 1924",8.58
1156,"Aug 1, 1924",8.72
1157,"Jul 1, 1924",8.38
1158,"Jun 1, 1924",8.05
1159,"May 1, 1924",7.9
1160,"Apr 1, 1924",7.92
1161,"Mar 1, 1924",8.06
1162,"Feb 1, 1924",8.16
1163,"Jan 1, 1924",8.07
1164,"Dec 1, 1923",7.81
1165,"Nov 1, 1923",7.55
1166,"Oct 1, 1923",7.32
1167,"Sep 1, 1923",7.46
1168,"Aug 1, 1923",7.44
1169,"Jul 1, 1923",7.35
1170,"Jun 1, 1923",7.67
1171,"May 1, 1923",8.0
1172,"Apr 1, 1923",8.37
1173,"Mar 1, 1923",8.7
1174,"Feb 1, 1923",8.53
1175,"Jan 1, 1923",8.15
1176,"Dec 1, 1922",7.96
1177,"Nov 1, 1922",8.0
1178,"Oct 1, 1922",8.43
1179,"Sep 1, 1922",8.27
1180,"Aug 1, 1922",8.02
1181,"Jul 1, 1922",7.6
1182,"Jun 1, 1922",7.56
1183,"May 1, 1922",7.59
1184,"Apr 1, 1922",7.27
1185,"Mar 1, 1922",6.82
1186,"Feb 1, 1922",6.46
1187,"Jan 1, 1922",6.29
1188,"Dec 1, 1921",6.11
1189,"Nov 1, 1921",5.84
1190,"Oct 1, 1921",5.48
1191,"Sep 1, 1921",5.38
1192,"Aug 1, 1921",5.16
1193,"Jul 1, 1921",5.2
1194,"Jun 1, 1921",5.22
1195,"May 1, 1921",5.61
1196,"Apr 1, 1921",5.3
1197,"Mar 1, 1921",5.19
1198,"Feb 1, 1921",5.27
1199,"Jan 1, 1921",5.12
1200,"Dec 1, 1920",4.78
1201,"Nov 1, 1920",5.13
1202,"Oct 1, 1920",5.35
1203,"Sep 1, 1920",5.3
1204,"Aug 1, 1920",5.02
1205,"Jul 1, 1920",5.08
1206,"Jun 1, 1920",5.04
1207,"May 1, 1920",5.19
1208,"Apr 1, 1920",5.6
1209,"Mar 1, 1920",5.8
1210,"Feb 1, 1920",5.46
1211,"Jan 1, 1920",5.99
1212,"Dec 1, 1919",6.16
1213,"Nov 1, 1919",6.47
1214,"Oct 1, 1919",6.79
1215,"Sep 1, 1919",6.56
1216,"Aug 1, 1919",6.48
1217,"Jul 1, 1919",7.05
1218,"Jun 1, 1919",7.02
1219,"May 1, 1919",6.83
1220,"Apr 1, 1919",6.46
1221,"Mar 1, 1919",6.36
1222,"Feb 1, 1919",6.24
1223,"Jan 1, 1919",6.1
1224,"Dec 1, 1918",6.13
1225,"Nov 1, 1918",6.33
1226,"Oct 1, 1918",6.29
1227,"Sep 1, 1918",6.15
1228,"Aug 1, 1918",6.3
1229,"Jul 1, 1918",6.37
1230,"Jun 1, 1918",6.5
1231,"May 1, 1918",6.58
1232,"Apr 1, 1918",6.52
1233,"Mar 1, 1918",6.69
1234,"Feb 1, 1918",6.78
1235,"Jan 1, 1918",6.64
1236,"Dec 1, 1917",6.41
1237,"Nov 1, 1917",6.75
1238,"Oct 1, 1917",7.39
1239,"Sep 1, 1917",7.95
1240,"Aug 1, 1917",8.57
1241,"Jul 1, 1917",9.0
1242,"Jun 1, 1917",9.15
1243,"May 1, 1917",9.14
1244,"Apr 1, 1917",9.64
1245,"Mar 1, 1917",10.33
1246,"Feb 1, 1917",10.06
1247,"Jan 1, 1917",10.99
1248,"Dec 1, 1916",11.41
1249,"Nov 1, 1916",12.05
1250,"Oct 1, 1916",12.05
1251,"Sep 1, 1916",11.94
1252,"Aug 1, 1916",11.73
1253,"Jul 1, 1916",11.79
1254,"Jun 1, 1916",12.0
1255,"May 1, 1916",12.03
1256,"Apr 1, 1916",11.91
1257,"Mar 1, 1916",12.18
1258,"Feb 1, 1916",12.35
1259,"Jan 1, 1916",12.54
1260,"Dec 1, 1915",12.88
1261,"Nov 1, 1915",12.86
1262,"Oct 1, 1915",12.55
1263,"Sep 1, 1915",12.01
1264,"Aug 1, 1915",11.58
1265,"Jul 1, 1915",11.11
1266,"Jun 1, 1915",11.15
1267,"May 1, 1915",11.03
1268,"Apr 1, 1915",11.4
1269,"Mar 1, 1915",10.71
1270,"Feb 1, 1915",10.33
1271,"Jan 1, 1915",10.36
1272,"Dec 1, 1914",10.17
1273,"Nov 1, 1914",10.52
1274,"Oct 1, 1914",10.61
1275,"Sep 1, 1914",10.5
1276,"Aug 1, 1914",10.49
1277,"Jul 1, 1914",10.69
1278,"Jun 1, 1914",11.43
1279,"May 1, 1914",11.48
1280,"Apr 1, 1914",11.52
1281,"Mar 1, 1914",11.69
1282,"Feb 1, 1914",11.91
1283,"Jan 1, 1914",11.64
1284,"Dec 1, 1913",11.17
1285,"Nov 1, 1913",11.07
1286,"Oct 1, 1913",11.47
1287,"Sep 1, 1913",11.84
1288,"Aug 1, 1913",11.85
1289,"Jul 1, 1913",11.53
1290,"Jun 1, 1913",11.49
1291,"May 1, 1913",12.22
1292,"Apr 1, 1913",12.43
1293,"Mar 1, 1913",12.44
1294,"Feb 1, 1913",12.68
1295,"Jan 1, 1913",13.15
1296,"Dec 1, 1912",13.4
1297,"Nov 1, 1912",13.75
1298,"Oct 1, 1912",13.9
1299,"Sep 1, 1912",13.93
1300,"Aug 1, 1912",13.99
1301,"Jul 1, 1912",13.8
1302,"Jun 1, 1912",13.78
1303,"May 1, 1912",13.65
1304,"Apr 1, 1912",13.66
1305,"Mar 1, 1912",13.64
1306,"Feb 1, 1912",13.53
1307,"Jan 1, 1912",13.8
1308,"Dec 1, 1911",13.93
1309,"Nov 1, 1911",13.73
1310,"Oct 1, 1911",13.07
1311,"Sep 1, 1911",13.0
1312,"Aug 1, 1911",13.91
1313,"Jul 1, 1911",15.08
1314,"Jun 1, 1911",15.33
1315,"May 1, 1911",15.05
1316,"Apr 1, 1911",14.76
1317,"Mar 1, 1911",14.37
1318,"Feb 1, 1911",14.73
1319,"Jan 1, 1911",14.05
1320,"Dec 1, 1910",13.74
1321,"Nov 1, 1910",14.16
1322,"Oct 1, 1910",13.92
1323,"Sep 1, 1910",12.94
1324,"Aug 1, 1910",12.75
1325,"Jul 1, 1910",12.34
1326,"Jun 1, 1910",13.01
1327,"May 1, 1910",13.57
1328,"Apr 1, 1910",13.56
1329,"Mar 1, 1910",14.04
1330,"Feb 1, 1910",14.0
1331,"Jan 1, 1910",14.54
1332,"Dec 1, 1909",14.75
1333,"Nov 1, 1909",14.74
1334,"Oct 1, 1909",14.99
1335,"Sep 1, 1909",15.25
1336,"Aug 1, 1909",15.43
1337,"Jul 1, 1909",15.23
1338,"Jun 1, 1909",15.04
1339,"May 1, 1909",14.96
1340,"Apr 1, 1909",14.64
1341,"Mar 1, 1909",14.33
1342,"Feb 1, 1909",14.17
1343,"Jan 1, 1909",14.77
1344,"Dec 1, 1908",14.58
1345,"Nov 1, 1908",14.44
1346,"Oct 1, 1908",13.69
1347,"Sep 1, 1908",13.71
1348,"Aug 1, 1908",13.89
1349,"Jul 1, 1908",13.35
1350,"Jun 1, 1908",13.05
1351,"May 1, 1908",13.08
1352,"Apr 1, 1908",12.45
1353,"Mar 1, 1908",11.99
1354,"Feb 1, 1908",11.56
1355,"Jan 1, 1908",11.9
1356,"Dec 1, 1907",11.34
1357,"Nov 1, 1907",10.6
1358,"Oct 1, 1907",10.84
1359,"Sep 1, 1907",12.33
1360,"Aug 1, 1907",12.51
1361,"Jul 1, 1907",13.58
1362,"Jun 1, 1907",13.14
1363,"May 1, 1907",13.8
1364,"Apr 1, 1907",14.68
1365,"Mar 1, 1907",14.69
1366,"Feb 1, 1907",16.22
1367,"Jan 1, 1907",17.22
1368,"Dec 1, 1906",17.67
1369,"Nov 1, 1906",18.14
1370,"Oct 1, 1906",18.1
1371,"Sep 1, 1906",19.21
1372,"Aug 1, 1906",18.96
1373,"Jul 1, 1906",18.19
1374,"Jun 1, 1906",18.18
1375,"May 1, 1906",18.06
1376,"Apr 1, 1906",18.87
1377,"Mar 1, 1906",19.26
1378,"Feb 1, 1906",19.86
1379,"Jan 1, 1906",20.13
1380,"Dec 1, 1905",19.57
1381,"Nov 1, 1905",19.45
1382,"Oct 1, 1905",19.89
1383,"Sep 1, 1905",19.74
1384,"Aug 1, 1905",19.58
1385,"Jul 1, 1905",19.2
1386,"Jun 1, 1905",18.73
1387,"May 1, 1905",18.63
1388,"Apr 1, 1905",19.49
1389,"Mar 1, 1905",19.84
1390,"Feb 1, 1905",19.17
1391,"Jan 1, 1905",18.46
1392,"Dec 1, 1904",18.16
1393,"Nov 1, 1904",18.07
1394,"Oct 1, 1904",17.63
1395,"Sep 1, 1904",16.74
1396,"Aug 1, 1904",16.31
1397,"Jul 1, 1904",16.03
1398,"Jun 1, 1904",15.47
1399,"May 1, 1904",15.52
1400,"Apr 1, 1904",15.56
1401,"Mar 1, 1904",15.09
1402,"Feb 1, 1904",15.02
1403,"Jan 1, 1904",15.86
1404,"Dec 1, 1903",16.04
1405,"Nov 1, 1903",15.4
1406,"Oct 1, 1903",15.26
1407,"Sep 1, 1903",15.65
1408,"Aug 1, 1903",16.31
1409,"Jul 1, 1903",16.93
1410,"Jun 1, 1903",17.83
1411,"May 1, 1903",18.96
1412,"Apr 1, 1903",18.99
1413,"Mar 1, 1903",19.89
1414,"Feb 1, 1903",20.11
1415,"Jan 1, 1903",20.32
1416,"Dec 1, 1902",19.64
1417,"Nov 1, 1902",20.41
1418,"Oct 1, 1902",20.62
1419,"Sep 1, 1902",22.87
1420,"Aug 1, 1902",23.17
1421,"Jul 1, 1902",22.4
1422,"Jun 1, 1902",21.97
1423,"May 1, 1902",22.42
1424,"Apr 1, 1902",22.83
1425,"Mar 1, 1902",22.41
1426,"Feb 1, 1902",22.46
1427,"Jan 1, 1902",22.34
1428,"Dec 1, 1901",21.69
1429,"Nov 1, 1901",22.37
1430,"Oct 1, 1901",22.26
1431,"Sep 1, 1901",22.6
1432,"Aug 1, 1901",23.07
1433,"Jul 1, 1901",23.15
1434,"Jun 1, 1901",25.23
1435,"May 1, 1901",23.06
1436,"Apr 1, 1901",24.4
1437,"Mar 1, 1901",22.36
1438,"Feb 1, 1901",21.69
1439,"Jan 1, 1901",20.97
1440,"Dec 1, 1900",20.75
1441,"Nov 1, 1900",19.42
1442,"Oct 1, 1900",18.1
1443,"Sep 1, 1900",17.35
1444,"Aug 1, 1900",18.07
1445,"Jul 1, 1900",17.7
1446,"Jun 1, 1900",17.99
1447,"May 1, 1900",18.41
1448,"Apr 1, 1900",18.95
1449,"Mar 1, 1900",18.78
1450,"Feb 1, 1900",18.71
1451,"Jan 1, 1900",18.67
1452,"Dec 1, 1899",18.51
1453,"Nov 1, 1899",20.21
1454,"Oct 1, 1899",20.15
1455,"Sep 1, 1899",20.6
1456,"Aug 1, 1899",21.72
1457,"Jul 1, 1899",21.57
1458,"Jun 1, 1899",21.2
1459,"May 1, 1899",22.1
1460,"Apr 1, 1899",23.16
1461,"Mar 1, 1899",23.27
1462,"Feb 1, 1899",23.04
1463,"Jan 1, 1899",22.92
1464,"Dec 1, 1898",21.39
1465,"Nov 1, 1898",20.53
1466,"Oct 1, 1898",19.95
1467,"Sep 1, 1898",20.45
1468,"Aug 1, 1898",20.55
1469,"Jul 1, 1898",19.86
1470,"Jun 1, 1898",19.53
1471,"May 1, 1898",17.6
1472,"Apr 1, 1898",17.7
1473,"Mar 1, 1898",18.03
1474,"Feb 1, 1898",18.91
1475,"Jan 1, 1898",19.25
1476,"Dec 1, 1897",18.75
1477,"Nov 1, 1897",18.36
1478,"Oct 1, 1897",19.03
1479,"Sep 1, 1897",19.36
1480,"Aug 1, 1897",18.99
1481,"Jul 1, 1897",18.65
1482,"Jun 1, 1897",17.85
1483,"May 1, 1897",17.05
1484,"Apr 1, 1897",16.71
1485,"Mar 1, 1897",16.96
1486,"Feb 1, 1897",16.9
1487,"Jan 1, 1897",17.03
1488,"Dec 1, 1896",16.5
1489,"Nov 1, 1896",17.09
1490,"Oct 1, 1896",16.44
1491,"Sep 1, 1896",16.55
1492,"Aug 1, 1896",15.7
1493,"Jul 1, 1896",16.64
1494,"Jun 1, 1896",17.78
1495,"May 1, 1896",17.84
1496,"Apr 1, 1896",17.65
1497,"Mar 1, 1896",17.22
1498,"Feb 1, 1896",17.5
1499,"Jan 1, 1896",16.58
1500,"Dec 1, 1895",16.54
1501,"Nov 1, 1895",17.35
1502,"Oct 1, 1895",17.95
1503,"Sep 1, 1895",18.2
1504,"Aug 1, 1895",18.08
1505,"Jul 1, 1895",17.54
1506,"Jun 1, 1895",17.21
1507,"May 1, 1895",17.07
1508,"Apr 1, 1895",16.39
1509,"Mar 1, 1895",16.35
1510,"Feb 1, 1895",16.32
1511,"Jan 1, 1895",16.51
1512,"Dec 1, 1894",16.66
1513,"Nov 1, 1894",16.55
1514,"Oct 1, 1894",16.51
1515,"Sep 1, 1894",16.53
1516,"Aug 1, 1894",16.45
1517,"Jul 1, 1894",16.28
1518,"Jun 1, 1894",16.6
1519,"May 1, 1894",16.8
1520,"Apr 1, 1894",17.42
1521,"Mar 1, 1894",17.18
1522,"Feb 1, 1894",16.19
1523,"Jan 1, 1894",15.74
1524,"Dec 1, 1893",15.62
1525,"Nov 1, 1893",15.93
1526,"Oct 1, 1893",15.27
1527,"Sep 1, 1893",15.02
1528,"Aug 1, 1893",14.58
1529,"Jul 1, 1893",14.35
1530,"Jun 1, 1893",15.42
1531,"May 1, 1893",15.79
1532,"Apr 1, 1893",17.1
1533,"Mar 1, 1893",16.9
1534,"Feb 1, 1893",17.13
1535,"Jan 1, 1893",17.65
1536,"Dec 1, 1892",18.02
1537,"Nov 1, 1892",18.46
1538,"Oct 1, 1892",19.03
1539,"Sep 1, 1892",18.69
1540,"Aug 1, 1892",19.2
1541,"Jul 1, 1892",19.22
1542,"Jun 1, 1892",19.77
1543,"May 1, 1892",19.92
1544,"Apr 1, 1892",19.95
1545,"Mar 1, 1892",19.73
1546,"Feb 1, 1892",19.03
1547,"Jan 1, 1892",19.01
1548,"Dec 1, 1891",18.2
1549,"Nov 1, 1891",17.66
1550,"Oct 1, 1891",17.72
1551,"Sep 1, 1891",17.72
1552,"Aug 1, 1891",16.16
1553,"Jul 1, 1891",15.61
1554,"Jun 1, 1891",15.66
1555,"May 1, 1891",15.57
1556,"Apr 1, 1891",15.4
1557,"Mar 1, 1891",15.06
1558,"Feb 1, 1891",15.47
1559,"Jan 1, 1891",15.43
1560,"Dec 1, 1890",14.44
1561,"Nov 1, 1890",14.74
1562,"Oct 1, 1890",15.48
1563,"Sep 1, 1890",16.16
1564,"Aug 1, 1890",16.6
1565,"Jul 1, 1890",17.58
1566,"Jun 1, 1890",17.68
1567,"May 1, 1890",17.78
1568,"Apr 1, 1890",17.26
1569,"Mar 1, 1890",16.9
1570,"Feb 1, 1890",17.03
1571,"Jan 1, 1890",17.22
1572,"Dec 1, 1889",16.61
1573,"Nov 1, 1889",16.9
1574,"Oct 1, 1889",17.05
1575,"Sep 1, 1889",17.34
1576,"Aug 1, 1889",17.14
1577,"Jul 1, 1889",16.89
1578,"Jun 1, 1889",17.22
1579,"May 1, 1889",16.92
1580,"Apr 1, 1889",16.05
1581,"Mar 1, 1889",16.07
1582,"Feb 1, 1889",16.19
1583,"Jan 1, 1889",15.81
1584,"Dec 1, 1888",14.94
1585,"Nov 1, 1888",15.22
1586,"Oct 1, 1888",15.72
1587,"Sep 1, 1888",15.98
1588,"Aug 1, 1888",15.6
1589,"Jul 1, 1888",15.27
1590,"Jun 1, 1888",15.08
1591,"May 1, 1888",15.38
1592,"Apr 1, 1888",15.02
1593,"Mar 1, 1888",14.8
1594,"Feb 1, 1888",15.41
1595,"Jan 1, 1888",15.36
1596,"Dec 1, 1887",15.45
1597,"Nov 1, 1887",15.95
1598,"Oct 1, 1887",15.88
1599,"Sep 1, 1887",16.67
1600,"Aug 1, 1887",16.74
1601,"Jul 1, 1887",17.42
1602,"Jun 1, 1887",17.71
1603,"May 1, 1887",18.07
1604,"Apr 1, 1887",17.82
1605,"Mar 1, 1887",17.47
1606,"Feb 1, 1887",17.12
1607,"Jan 1, 1887",17.52
1608,"Dec 1, 1886",18.2
1609,"Nov 1, 1886",18.96
1610,"Oct 1, 1886",18.55
1611,"Sep 1, 1886",18.14
1612,"Aug 1, 1886",17.72
1613,"Jul 1, 1886",17.85
1614,"Jun 1, 1886",17.82
1615,"May 1, 1886",16.87
1616,"Apr 1, 1886",16.81
1617,"Mar 1, 1886",16.84
1618,"Feb 1, 1886",17.01
1619,"Jan 1, 1886",16.7
1620,"Dec 1, 1885",16.31
1621,"Nov 1, 1885",16.83
1622,"Oct 1, 1885",15.98
1623,"Sep 1, 1885",15.11
1624,"Aug 1, 1885",15.13
1625,"Jul 1, 1885",14.33
1626,"Jun 1, 1885",13.97
1627,"May 1, 1885",13.71
1628,"Apr 1, 1885",13.54
1629,"Mar 1, 1885",13.74
1630,"Feb 1, 1885",13.39
1631,"Jan 1, 1885",13.13
1632,"Dec 1, 1884",13.43
1633,"Nov 1, 1884",13.31
1634,"Oct 1, 1884",13.28
1635,"Sep 1, 1884",13.57
1636,"Aug 1, 1884",13.86
1637,"Jul 1, 1884",13.05
1638,"Jun 1, 1884",12.9
1639,"May 1, 1884",13.46
1640,"Apr 1, 1884",14.35
1641,"Mar 1, 1884",14.73
1642,"Feb 1, 1884",14.8
1643,"Jan 1, 1884",14.43
1644,"Dec 1, 1883",14.89
1645,"Nov 1, 1883",15.41
1646,"Oct 1, 1883",15.05
1647,"Sep 1, 1883",15.49
1648,"Aug 1, 1883",15.2
1649,"Jul 1, 1883",15.96
1650,"Jun 1, 1883",15.91
1651,"May 1, 1883",15.33
1652,"Apr 1, 1883",15.47
1653,"Mar 1, 1883",15.05
1654,"Feb 1, 1883",14.75
1655,"Jan 1, 1883",15.27
1656,"Dec 1, 1882",15.38
1657,"Nov 1, 1882",15.19
1658,"Oct 1, 1882",15.76
1659,"Sep 1, 1882",16.07
1660,"Aug 1, 1882",15.53
1661,"Jul 1, 1882",15.23
1662,"Jun 1, 1882",14.33
1663,"May 1, 1882",14.56
1664,"Apr 1, 1882",14.92
1665,"Mar 1, 1882",15.08
1666,"Feb 1, 1882",15.15
1667,"Jan 1, 1882",15.68
1668,"Dec 1, 1881",15.96
1669,"Nov 1, 1881",16.48
1670,"Oct 1, 1881",16.25
1671,"Sep 1, 1881",16.72
1672,"Aug 1, 1881",17.28
1673,"Jul 1, 1881",18.11
1674,"Jun 1, 1881",19.04
1675,"May 1, 1881",18.88
1676,"Apr 1, 1881",17.95
1677,"Mar 1, 1881",18.28
1678,"Feb 1, 1881",18.15
1679,"Jan 1, 1881",18.47
1680,"Dec 1, 1880",17.33
1681,"Nov 1, 1880",16.87
1682,"Oct 1, 1880",16.26
1683,"Sep 1, 1880",15.86
1684,"Aug 1, 1880",16.1
1685,"Jul 1, 1880",15.59
1686,"Jun 1, 1880",14.95
1687,"May 1, 1880",14.63
1688,"Apr 1, 1880",15.46
1689,"Mar 1, 1880",15.23
1690,"Feb 1, 1880",15.12
1691,"Jan 1, 1880",14.87
1692,"Dec 1, 1879",14.77
1693,"Nov 1, 1879",15.26
1694,"Oct 1, 1879",15.29
1695,"Sep 1, 1879",14.59
1696,"Aug 1, 1879",14.61
1697,"Jul 1, 1879",14.54
1698,"Jun 1, 1879",14.45
1699,"May 1, 1879",14.25
1700,"Apr 1, 1879",13.66
1701,"Mar 1, 1879",13.09
1702,"Feb 1, 1879",13.18
1703,"Jan 1, 1879",12.87
1704,"Dec 1, 1878",12.58
1705,"Nov 1, 1878",12.37
1706,"Oct 1, 1878",12.28
1707,"Sep 1, 1878",12.3
1708,"Aug 1, 1878",12.06
1709,"Jul 1, 1878",12.31
1710,"Jun 1, 1878",12.21
1711,"May 1, 1878",11.71
1712,"Apr 1, 1878",11.29
1713,"Mar 1, 1878",10.88
1714,"Feb 1, 1878",10.45
1715,"Jan 1, 1878",10.57
1716,"Dec 1, 1877",10.25
1717,"Nov 1, 1877",10.27
1718,"Oct 1, 1877",10.22
1719,"Sep 1, 1877",9.99
1720,"Aug 1, 1877",9.29
1721,"Jul 1, 1877",8.35
1722,"Jun 1, 1877",8.05
1723,"May 1, 1877",8.18
1724,"Apr 1, 1877",8.31
1725,"Mar 1, 1877",9.2
1726,"Feb 1, 1877",9.23
1727,"Jan 1, 1877",9.52
1728,"Dec 1, 1876",9.74
1729,"Nov 1, 1876",9.94
1730,"Oct 1, 1876",10.2
1731,"Sep 1, 1876",10.42
1732,"Aug 1, 1876",11.18
1733,"Jul 1, 1876",11.75
1734,"Jun 1, 1876",11.88
1735,"May 1, 1876",11.63
1736,"Apr 1, 1876",11.63
1737,"Mar 1, 1876",11.95
1738,"Feb 1, 1876",11.96
1739,"Jan 1, 1876",11.79
1740,"Dec 1, 1875",11.45
1741,"Nov 1, 1875",11.34
1742,"Oct 1, 1875",11.06
1743,"Sep 1, 1875",11.24
1744,"Aug 1, 1875",11.24
1745,"Jul 1, 1875",11.29
1746,"Jun 1, 1875",11.28
1747,"May 1, 1875",11.33
1748,"Apr 1, 1875",11.51
1749,"Mar 1, 1875",11.48
1750,"Feb 1, 1875",11.35
1751,"Jan 1, 1875",11.41
1752,"Dec 1, 1874",11.45
1753,"Nov 1, 1874",11.56
1754,"Oct 1, 1874",11.4
1755,"Sep 1, 1874",11.28
1756,"Aug 1, 1874",11.14
1757,"Jul 1, 1874",11.07
1758,"Jun 1, 1874",11.19
1759,"May 1, 1874",11.02
1760,"Apr 1, 1874",11.26
1761,"Mar 1, 1874",11.43
1762,"Feb 1, 1874",11.63
1763,"Jan 1, 1874",11.33
1764,"Dec 1, 1873",10.96
1765,"Nov 1, 1873",10.31
1766,"Oct 1, 1873",10.4
1767,"Sep 1, 1873",11.16
1768,"Aug 1, 1873",12.12
1769,"Jul 1, 1873",12.16
1770,"Jun 1, 1873",12.22
1771,"May 1, 1873",12.05
1772,"Apr 1, 1873",11.78
1773,"Mar 1, 1873",11.95
1774,"Feb 1, 1873",12.05
1775,"Jan 1, 1873",12.25
1776,"Dec 1, 1872",12.17
1777,"Nov 1, 1872",11.71
1778,"Oct 1, 1872",12.13
1779,"Sep 1, 1872",11.83
1780,"Aug 1, 1872",12.13
1781,"Jul 1, 1872",12.38
1782,"Jun 1, 1872",12.27
1783,"May 1, 1872",12.28
1784,"Apr 1, 1872",12.25
1785,"Mar 1, 1872",12.18
1786,"Feb 1, 1872",11.96
1787,"Jan 1, 1872",11.9
1788,"Dec 1, 1871",11.59
1789,"Nov 1, 1871",11.6
1790,"Oct 1, 1871",11.47
1791,"Sep 1, 1871",12.31
1792,"Aug 1, 1871",12.55
1793,"Jul 1, 1871",12.27
1794,"Jun 1, 1871",12.59
1795,"May 1, 1871",12.59
1796,"Apr 1, 1871",12.05
1797,"Mar 1, 1871",11.19
1798,"Feb 1, 1871",10.92
